source_id,source,year,evidence_type,from_drug,to_drug,relationship,directionality,evidence_strength,confidence,strain_count,parameter,parameter_value,observation,transformation,assumption,notes
POD2018,Podnecky et al.,2018,experimental_evolution,ciprofloxacin,gentamicin,CS,A_to_B,strong,high,8,transition_relationship,CS,Conserved collateral sensitivity,Treat the observed collateral relationship as a candidate stochastic transition in the simulated E. coli resistance network.,The observed relationship may apply within the simplified MVP E. coli resistance model; no transition probability is inferred from the reported strain frequency.,Observed in 8 of 10 ciprofloxacin-resistant clinical strain backgrounds
POD2018,Podnecky et al.,2018,experimental_evolution,ciprofloxacin,fosfomycin,CS,A_to_B,strong,high,7,transition_relationship,CS,Conserved collateral sensitivity,Treat the observed collateral relationship as a candidate stochastic transition in the simulated E. coli resistance network.,The observed relationship may apply within the simplified MVP E. coli resistance model; no transition probability is inferred from the reported strain frequency.,Observed in 7 of 10 ciprofloxacin-resistant clinical strain backgrounds
POD2018,Podnecky et al.,2018,experimental_evolution,ciprofloxacin,ceftazidime,CR,A_to_B,strong,high,8,transition_relationship,CR,Conserved collateral resistance,Treat the observed collateral relationship as a candidate stochastic transition in the simulated E. coli resistance network.,The observed relationship may apply within the simplified MVP E. coli resistance model; no transition probability is inferred from the reported strain frequency.,Observed in 8 of 10 ciprofloxacin-resistant clinical strain backgrounds
POD2018,Podnecky et al.,2018,experimental_evolution,ciprofloxacin,trimethoprim,CR,A_to_B,strong,high,7,transition_relationship,CR,Conserved collateral resistance,Treat the observed collateral relationship as a candidate stochastic transition in the simulated E. coli resistance network.,The observed relationship may apply within the simplified MVP E. coli resistance model; no transition probability is inferred from the reported strain frequency.,Observed in 7 of 10 ciprofloxacin-resistant clinical strain backgrounds
POD2018,Podnecky et al.,2018,experimental_evolution,ciprofloxacin,mecillinam,CR,A_to_B,strong,high,7,transition_relationship,CR,Conserved collateral resistance,Treat the observed collateral relationship as a candidate stochastic transition in the simulated E. coli resistance network.,The observed relationship may apply within the simplified MVP E. coli resistance model; no transition probability is inferred from the reported strain frequency.,Observed in 7 of 10 ciprofloxacin-resistant clinical strain backgrounds
POD2018,Podnecky et al.,2018,experimental_evolution,mecillinam,trimethoprim,CR,A_to_B,strong,high,5,transition_relationship,CR,Conserved collateral resistance,Treat the observed collateral relationship as a candidate stochastic transition in the simulated E. coli resistance network.,The observed relationship may apply within the simplified MVP E. coli resistance model; no transition probability is inferred from the reported strain frequency.,Observed in 5 of 10 mecillinam-resistant clinical strain backgrounds
POD2018,Podnecky et al.,2018,experimental_evolution,mecillinam,gentamicin,CS,A_to_B,strong,high,5,transition_relationship,CS,Conserved collateral sensitivity,Treat the observed collateral relationship as a candidate stochastic transition in the simulated E. coli resistance network.,The observed relationship may apply within the simplified MVP E. coli resistance model; no transition probability is inferred from the reported strain frequency.,Observed in 5 of 10 mecillinam-resistant clinical strain backgrounds
POD2018,Podnecky et al.,2018,experimental_evolution,nitrofurantoin,ciprofloxacin,CR,A_to_B,strong,high,7,transition_relationship,CR,Conserved collateral resistance,Treat the observed collateral relationship as a candidate stochastic transition in the simulated E. coli resistance network.,The observed relationship may apply within the simplified MVP E. coli resistance model; no transition probability is inferred from the reported strain frequency.,Observed in 7 of 10 nitrofurantoin-resistant clinical strain backgrounds
JAMES2024,James et al.,2024,UPEC_experiment,trimethoprim,nitrofurantoin,CR,A_to_B,strong,moderate,3,transition_relationship,CR,Collateral resistance,Treat the observed UPEC response as a candidate stochastic transition or neutral outcome in the simulated resistance network.,"The response observed in three clinical UPEC isolates is relevant to the broader simulated E. coli population, while recognizing the limited strain sample.",Observed in trimethoprim-resistant derivatives from 3 clinical UPEC isolates
JAMES2024,James et al.,2024,UPEC_experiment,trimethoprim,fosfomycin,neutral,A_to_B,strong,moderate,3,transition_relationship,neutral,No consistent collateral effect,Treat the observed UPEC response as a candidate stochastic transition or neutral outcome in the simulated resistance network.,"The response observed in three clinical UPEC isolates is relevant to the broader simulated E. coli population, while recognizing the limited strain sample.",No significant or consistent collateral response across trimethoprim-resistant derivatives
SAK2025,Sakenova et al.,2025,chemical_genetic_inference,CEFTAZIDIME,CIPROFLOXACIN,CR,unknown,moderate,moderate,,interaction_relationship,CR,CR interaction inferred from OCDM,Treat the pairwise chemical-genetic interaction as evidence for a candidate resistance relationship in the simulated E. coli network.,"The pairwise interaction may inform possible resistance dynamics in the MVP model, but it does not establish directionality or a sequential-treatment transition probability.",OCDM=121.100559; Cordance score=-86.67626200000001; relationship inferred by OCDM.
SAK2025,Sakenova et al.,2025,chemical_genetic_inference,CEFTAZIDIME,NITROFURANTOIN,CS,unknown,moderate,moderate,,interaction_relationship,CS,CS interaction inferred from OCDM,Treat the pairwise chemical-genetic interaction as evidence for a candidate resistance relationship in the simulated E. coli network.,"The pairwise interaction may inform possible resistance dynamics in the MVP model, but it does not establish directionality or a sequential-treatment transition probability.",OCDM=17.917109; Cordance score=-39.449986; relationship inferred by OCDM.
SAK2025,Sakenova et al.,2025,chemical_genetic_inference,CEFTAZIDIME,GENTAMICIN,CS,unknown,moderate,moderate,,interaction_relationship,CS,CS interaction inferred from OCDM,Treat the pairwise chemical-genetic interaction as evidence for a candidate resistance relationship in the simulated E. coli network.,"The pairwise interaction may inform possible resistance dynamics in the MVP model, but it does not establish directionality or a sequential-treatment transition probability.",OCDM=-2.244763000000006; Cordance score=-42.68626; relationship inferred by OCDM.
SAK2025,Sakenova et al.,2025,chemical_genetic_inference,NITROFURANTOIN,GENTAMICIN,CR,unknown,moderate,moderate,,interaction_relationship,CR,CR interaction inferred from OCDM,Treat the pairwise chemical-genetic interaction as evidence for a candidate resistance relationship in the simulated E. coli network.,"The pairwise interaction may inform possible resistance dynamics in the MVP model, but it does not establish directionality or a sequential-treatment transition probability.",OCDM=111.117797; Cordance score=-77.062997; relationship inferred by OCDM.
SAK2025,Sakenova et al.,2025,chemical_genetic_inference,CEFTAZIDIME,TRIMETHOPRIM,CR,unknown,moderate,moderate,,interaction_relationship,CR,CR interaction inferred from OCDM,Treat the pairwise chemical-genetic interaction as evidence for a candidate resistance relationship in the simulated E. coli network.,"The pairwise interaction may inform possible resistance dynamics in the MVP model, but it does not establish directionality or a sequential-treatment transition probability.",OCDM=105.649603; Cordance score=-90.421466; relationship inferred by OCDM.
SAK2025,Sakenova et al.,2025,chemical_genetic_inference,CEFTAZIDIME,FOSFOMYCIN,CR,unknown,moderate,moderate,,interaction_relationship,CR,CR interaction inferred from OCDM,Treat the pairwise chemical-genetic interaction as evidence for a candidate resistance relationship in the simulated E. coli network.,"The pairwise interaction may inform possible resistance dynamics in the MVP model, but it does not establish directionality or a sequential-treatment transition probability.",OCDM=128.861575; Cordance score=-80.478953; relationship inferred by OCDM.
SAK2025,Sakenova et al.,2025,chemical_genetic_inference,NITROFURANTOIN,FOSFOMYCIN,CR,unknown,moderate,moderate,,interaction_relationship,CR,CR interaction inferred from OCDM,Treat the pairwise chemical-genetic interaction as evidence for a candidate resistance relationship in the simulated E. coli network.,"The pairwise interaction may inform possible resistance dynamics in the MVP model, but it does not establish directionality or a sequential-treatment transition probability.",OCDM=107.489408; Cordance score=-82.442252; relationship inferred by OCDM.
SAK2025,Sakenova et al.,2025,chemical_genetic_inference,GENTAMICIN,FOSFOMYCIN,CS,unknown,moderate,moderate,,interaction_relationship,CS,CS interaction inferred from OCDM,Treat the pairwise chemical-genetic interaction as evidence for a candidate resistance relationship in the simulated E. coli network.,"The pairwise interaction may inform possible resistance dynamics in the MVP model, but it does not establish directionality or a sequential-treatment transition probability.",OCDM=4.829128999999998; Cordance score=-23.583905; relationship inferred by OCDM.
SAK2025,Sakenova et al.,2025,chemical_genetic_inference,TRIMETHOPRIM,FOSFOMYCIN,CS,unknown,moderate,moderate,,interaction_relationship,CS,CS interaction inferred from OCDM,Treat the pairwise chemical-genetic interaction as evidence for a candidate resistance relationship in the simulated E. coli network.,"The pairwise interaction may inform possible resistance dynamics in the MVP model, but it does not establish directionality or a sequential-treatment transition probability.",OCDM=-23.483315; Cordance score=-18.306785; relationship inferred by OCDM.
SAK2025,Sakenova et al.,2025,chemical_genetic_inference,CEFTAZIDIME,MECILLINAM,CR,unknown,moderate,moderate,,interaction_relationship,CR,CR interaction inferred from OCDM,Treat the pairwise chemical-genetic interaction as evidence for a candidate resistance relationship in the simulated E. coli network.,"The pairwise interaction may inform possible resistance dynamics in the MVP model, but it does not establish directionality or a sequential-treatment transition probability.",OCDM=303.69437; Cordance score=-261.193542; relationship inferred by OCDM.
SAK2025,Sakenova et al.,2025,chemical_genetic_inference,CIPROFLOXACIN,MECILLINAM,CR,unknown,moderate,moderate,,interaction_relationship,CR,CR interaction inferred from OCDM,Treat the pairwise chemical-genetic interaction as evidence for a candidate resistance relationship in the simulated E. coli network.,"The pairwise interaction may inform possible resistance dynamics in the MVP model, but it does not establish directionality or a sequential-treatment transition probability.",OCDM=282.144506; Cordance score=-144.625175; relationship inferred by OCDM.
SAK2025,Sakenova et al.,2025,chemical_genetic_inference,NITROFURANTOIN,MECILLINAM,CS,unknown,moderate,moderate,,interaction_relationship,CS,CS interaction inferred from OCDM,Treat the pairwise chemical-genetic interaction as evidence for a candidate resistance relationship in the simulated E. coli network.,"The pairwise interaction may inform possible resistance dynamics in the MVP model, but it does not establish directionality or a sequential-treatment transition probability.",OCDM=-14.107756; Cordance score=-13.989046; relationship inferred by OCDM.
SAK2025,Sakenova et al.,2025,chemical_genetic_inference,GENTAMICIN,MECILLINAM,neutral,unknown,moderate,moderate,,interaction_relationship,Neutral,Neutral interaction inferred from OCDM,Treat the pairwise chemical-genetic interaction as evidence for a candidate resistance relationship in the simulated E. coli network.,"The pairwise interaction may inform possible resistance dynamics in the MVP model, but it does not establish directionality or a sequential-treatment transition probability.",OCDM=33.316046; Cordance score=-44.757984; relationship inferred by OCDM.
SAK2025,Sakenova et al.,2025,chemical_genetic_inference,TRIMETHOPRIM,MECILLINAM,CR,unknown,moderate,moderate,,interaction_relationship,CR,CR interaction inferred from OCDM,Treat the pairwise chemical-genetic interaction as evidence for a candidate resistance relationship in the simulated E. coli network.,"The pairwise interaction may inform possible resistance dynamics in the MVP model, but it does not establish directionality or a sequential-treatment transition probability.",OCDM=177.89044; Cordance score=-121.061555; relationship inferred by OCDM.
SAK2025,Sakenova et al.,2025,chemical_genetic_inference,FOSFOMYCIN,MECILLINAM,CR,unknown,moderate,moderate,,interaction_relationship,CR,CR interaction inferred from OCDM,Treat the pairwise chemical-genetic interaction as evidence for a candidate resistance relationship in the simulated E. coli network.,"The pairwise interaction may inform possible resistance dynamics in the MVP model, but it does not establish directionality or a sequential-treatment transition probability.",OCDM=117.102202; Cordance score=-88.261301; relationship inferred by OCDM.
