source_id,source,year,evidence_type,organism,clinical_context,from_drug,to_drug,relationship,directionality,evidence_strength,confidence,strain_count,parameter,parameter_value,observation,transformation,assumption,notes
POD2018,Podnecky et al.,2018,experimental_evolution,E. coli,clinical UTI,ciprofloxacin,gentamicin,CS,A_to_B,strong,high,8,transition_relationship,CS,Conserved collateral sensitivity,Treat the observed collateral relationship as a candidate stochastic transition in the simulated E. coli resistance network.,The observed relationship may apply within the simplified MVP E. coli resistance model; no transition probability is inferred from the reported strain frequency.,Observed in 8 of 10 ciprofloxacin-resistant clinical strain backgrounds
POD2018,Podnecky et al.,2018,experimental_evolution,E. coli,clinical UTI,ciprofloxacin,fosfomycin,CS,A_to_B,strong,high,7,transition_relationship,CS,Conserved collateral sensitivity,Treat the observed collateral relationship as a candidate stochastic transition in the simulated E. coli resistance network.,The observed relationship may apply within the simplified MVP E. coli resistance model; no transition probability is inferred from the reported strain frequency.,Observed in 7 of 10 ciprofloxacin-resistant clinical strain backgrounds
POD2018,Podnecky et al.,2018,experimental_evolution,E. coli,clinical UTI,ciprofloxacin,ertapenem,CS,A_to_B,strong,high,,transition_relationship,CS,Conserved collateral sensitivity,Treat the observed collateral relationship as a candidate stochastic transition in the simulated E. coli resistance network.,The observed relationship may apply within the simplified MVP E. coli resistance model; no transition probability is inferred from the reported strain frequency.,Conserved across multiple resistance mechanisms
POD2018,Podnecky et al.,2018,experimental_evolution,E. coli,clinical UTI,ciprofloxacin,colistin,CS,A_to_B,strong,high,,transition_relationship,CS,Conserved collateral sensitivity,Treat the observed collateral relationship as a candidate stochastic transition in the simulated E. coli resistance network.,The observed relationship may apply within the simplified MVP E. coli resistance model; no transition probability is inferred from the reported strain frequency.,Conserved across multiple resistance mechanisms
POD2018,Podnecky et al.,2018,experimental_evolution,E. coli,clinical UTI,ciprofloxacin,chloramphenicol,CR,A_to_B,strong,high,,transition_relationship,CR,Conserved collateral resistance,Treat the observed collateral relationship as a candidate stochastic transition in the simulated E. coli resistance network.,The observed relationship may apply within the simplified MVP E. coli resistance model; no transition probability is inferred from the reported strain frequency.,Conserved response in ciprofloxacin-resistant mutants
POD2018,Podnecky et al.,2018,experimental_evolution,E. coli,clinical UTI,nitrofurantoin,amoxicillin,CR,A_to_B,strong,high,,transition_relationship,CR,Conserved collateral resistance,Treat the observed collateral relationship as a candidate stochastic transition in the simulated E. coli resistance network.,The observed relationship may apply within the simplified MVP E. coli resistance model; no transition probability is inferred from the reported strain frequency.,Explicitly identified by the authors as conserved CR
POD2018,Podnecky et al.,2018,experimental_evolution,E. coli,clinical UTI,ciprofloxacin,temocillin,CR,A_to_B,strong,high,9,transition_relationship,CR,Conserved collateral resistance,Treat the observed collateral relationship as a candidate stochastic transition in the simulated E. coli resistance network.,The observed relationship may apply within the simplified MVP E. coli resistance model; no transition probability is inferred from the reported strain frequency.,Observed in 9 of 10 ciprofloxacin-resistant clinical strain backgrounds
POD2018,Podnecky et al.,2018,experimental_evolution,E. coli,clinical UTI,ciprofloxacin,ceftazidime,CR,A_to_B,strong,high,8,transition_relationship,CR,Conserved collateral resistance,Treat the observed collateral relationship as a candidate stochastic transition in the simulated E. coli resistance network.,The observed relationship may apply within the simplified MVP E. coli resistance model; no transition probability is inferred from the reported strain frequency.,Observed in 8 of 10 ciprofloxacin-resistant clinical strain backgrounds
POD2018,Podnecky et al.,2018,experimental_evolution,E. coli,clinical UTI,ciprofloxacin,trimethoprim,CR,A_to_B,strong,high,7,transition_relationship,CR,Conserved collateral resistance,Treat the observed collateral relationship as a candidate stochastic transition in the simulated E. coli resistance network.,The observed relationship may apply within the simplified MVP E. coli resistance model; no transition probability is inferred from the reported strain frequency.,Observed in 7 of 10 ciprofloxacin-resistant clinical strain backgrounds
POD2018,Podnecky et al.,2018,experimental_evolution,E. coli,clinical UTI,ciprofloxacin,mecillinam,CR,A_to_B,strong,high,7,transition_relationship,CR,Conserved collateral resistance,Treat the observed collateral relationship as a candidate stochastic transition in the simulated E. coli resistance network.,The observed relationship may apply within the simplified MVP E. coli resistance model; no transition probability is inferred from the reported strain frequency.,Observed in 7 of 10 ciprofloxacin-resistant clinical strain backgrounds
POD2018,Podnecky et al.,2018,experimental_evolution,E. coli,clinical UTI,ciprofloxacin,trimethoprim-sulfamethoxazole,CR,A_to_B,strong,high,6,transition_relationship,CR,Conserved collateral resistance,Treat the observed collateral relationship as a candidate stochastic transition in the simulated E. coli resistance network.,The observed relationship may apply within the simplified MVP E. coli resistance model; no transition probability is inferred from the reported strain frequency.,Observed in 6 of 10 ciprofloxacin-resistant clinical strain backgrounds
POD2018,Podnecky et al.,2018,experimental_evolution,E. coli,clinical UTI,ciprofloxacin,amoxicillin,CR,A_to_B,strong,high,5,transition_relationship,CR,Conserved collateral resistance,Treat the observed collateral relationship as a candidate stochastic transition in the simulated E. coli resistance network.,The observed relationship may apply within the simplified MVP E. coli resistance model; no transition probability is inferred from the reported strain frequency.,Observed in 5 of 10 ciprofloxacin-resistant clinical strain backgrounds
POD2018,Podnecky et al.,2018,experimental_evolution,E. coli,clinical UTI,ciprofloxacin,azithromycin,CR,A_to_B,strong,high,5,transition_relationship,CR,Conserved collateral resistance,Treat the observed collateral relationship as a candidate stochastic transition in the simulated E. coli resistance network.,The observed relationship may apply within the simplified MVP E. coli resistance model; no transition probability is inferred from the reported strain frequency.,Observed in 5 of 10 ciprofloxacin-resistant clinical strain backgrounds
POD2018,Podnecky et al.,2018,experimental_evolution,E. coli,clinical UTI,mecillinam,temocillin,CR,A_to_B,strong,high,7,transition_relationship,CR,Conserved collateral resistance,Treat the observed collateral relationship as a candidate stochastic transition in the simulated E. coli resistance network.,The observed relationship may apply within the simplified MVP E. coli resistance model; no transition probability is inferred from the reported strain frequency.,Observed in 7 of 10 mecillinam-resistant clinical strain backgrounds
POD2018,Podnecky et al.,2018,experimental_evolution,E. coli,clinical UTI,mecillinam,trimethoprim,CR,A_to_B,strong,high,5,transition_relationship,CR,Conserved collateral resistance,Treat the observed collateral relationship as a candidate stochastic transition in the simulated E. coli resistance network.,The observed relationship may apply within the simplified MVP E. coli resistance model; no transition probability is inferred from the reported strain frequency.,Observed in 5 of 10 mecillinam-resistant clinical strain backgrounds
POD2018,Podnecky et al.,2018,experimental_evolution,E. coli,clinical UTI,mecillinam,gentamicin,CS,A_to_B,strong,high,5,transition_relationship,CS,Conserved collateral sensitivity,Treat the observed collateral relationship as a candidate stochastic transition in the simulated E. coli resistance network.,The observed relationship may apply within the simplified MVP E. coli resistance model; no transition probability is inferred from the reported strain frequency.,Observed in 5 of 10 mecillinam-resistant clinical strain backgrounds
POD2018,Podnecky et al.,2018,experimental_evolution,E. coli,clinical UTI,mecillinam,azithromycin,CS,A_to_B,strong,high,9,transition_relationship,CS,Conserved collateral sensitivity,Treat the observed collateral relationship as a candidate stochastic transition in the simulated E. coli resistance network.,The observed relationship may apply within the simplified MVP E. coli resistance model; no transition probability is inferred from the reported strain frequency.,Observed in 9 of 10 mecillinam-resistant clinical strain backgrounds
POD2018,Podnecky et al.,2018,experimental_evolution,E. coli,clinical UTI,nitrofurantoin,ciprofloxacin,CR,A_to_B,strong,high,7,transition_relationship,CR,Conserved collateral resistance,Treat the observed collateral relationship as a candidate stochastic transition in the simulated E. coli resistance network.,The observed relationship may apply within the simplified MVP E. coli resistance model; no transition probability is inferred from the reported strain frequency.,Observed in 7 of 10 nitrofurantoin-resistant clinical strain backgrounds
POD2018,Podnecky et al.,2018,experimental_evolution,E. coli,clinical UTI,nitrofurantoin,azithromycin,CR,A_to_B,strong,high,6,transition_relationship,CR,Conserved collateral resistance,Treat the observed collateral relationship as a candidate stochastic transition in the simulated E. coli resistance network.,The observed relationship may apply within the simplified MVP E. coli resistance model; no transition probability is inferred from the reported strain frequency.,Observed in 6 of 10 nitrofurantoin-resistant clinical strain backgrounds
POD2018,Podnecky et al.,2018,experimental_evolution,E. coli,clinical UTI,trimethoprim,trimethoprim-sulfamethoxazole,CR,A_to_B,strong,high,10,transition_relationship,CR,Conserved collateral resistance,Treat the observed collateral relationship as a candidate stochastic transition in the simulated E. coli resistance network.,The observed relationship may apply within the simplified MVP E. coli resistance model; no transition probability is inferred from the reported strain frequency.,Observed in all 10 trimethoprim-resistant clinical strain backgrounds; excluded from Figure 1a
JAMES2024,James et al.,2024,UPEC_experiment,E. coli,clinical UTI,trimethoprim,nitrofurantoin,CR,A_to_B,strong,moderate,3,transition_relationship,CR,Collateral resistance,Treat the observed UPEC response as a candidate stochastic transition or neutral outcome in the simulated resistance network.,"The response observed in three clinical UPEC isolates is relevant to the broader simulated E. coli population, while recognizing the limited strain sample.",Observed in trimethoprim-resistant derivatives from 3 clinical UPEC isolates
JAMES2024,James et al.,2024,UPEC_experiment,E. coli,clinical UTI,trimethoprim,fosfomycin,neutral,A_to_B,strong,moderate,3,transition_relationship,neutral,No consistent collateral effect,Treat the observed UPEC response as a candidate stochastic transition or neutral outcome in the simulated resistance network.,"The response observed in three clinical UPEC isolates is relevant to the broader simulated E. coli population, while recognizing the limited strain sample.",No significant or consistent collateral response across trimethoprim-resistant derivatives
NICHOL2019,Nichol et al.,2019,experimental_evolution,E. coli,experimental cefotaxime evolution,cefotaxime,ticarcillin-clavulanate,mixed,A_to_B,strong,moderate,,transition_relationship,mixed,Both collateral sensitivity and cross-resistance observed,Represent the reported evolutionary response as a candidate transition outcome while preserving heterogeneous or mixed responses.,"Cefotaxime-evolution findings can inform possible resistance interactions in the model, but the experiment does not establish a deterministic transition probability for the MVP environment.",Response varied across 60 independent cefotaxime-evolved replicate populations
NICHOL2019,Nichol et al.,2019,experimental_evolution,E. coli,experimental cefotaxime evolution,cefotaxime,piperacillin,mixed,A_to_B,strong,moderate,,transition_relationship,mixed,Both collateral sensitivity and cross-resistance observed,Represent the reported evolutionary response as a candidate transition outcome while preserving heterogeneous or mixed responses.,"Cefotaxime-evolution findings can inform possible resistance interactions in the model, but the experiment does not establish a deterministic transition probability for the MVP environment.",Response varied across 60 independent cefotaxime-evolved replicate populations
NICHOL2019,Nichol et al.,2019,experimental_evolution,E. coli,experimental cefotaxime evolution,cefotaxime,ampicillin-sulbactam,mixed,A_to_B,strong,moderate,,transition_relationship,mixed,Both collateral sensitivity and cross-resistance observed,Represent the reported evolutionary response as a candidate transition outcome while preserving heterogeneous or mixed responses.,"Cefotaxime-evolution findings can inform possible resistance interactions in the model, but the experiment does not establish a deterministic transition probability for the MVP environment.",Response varied across 60 independent cefotaxime-evolved replicate populations
NICHOL2019,Nichol et al.,2019,experimental_evolution,E. coli,experimental cefotaxime evolution,cefotaxime,ceftolozane-tazobactam,CR,A_to_B,strong,moderate,,transition_relationship,CR,Cross-resistance near universal,Represent the reported evolutionary response as a candidate transition outcome while preserving heterogeneous or mixed responses.,"Cefotaxime-evolution findings can inform possible resistance interactions in the model, but the experiment does not establish a deterministic transition probability for the MVP environment.",Observed across 60 independent cefotaxime-evolved replicate populations
NICHOL2019,Nichol et al.,2019,experimental_evolution,E. coli,experimental cefotaxime evolution,cefotaxime,cefazolin,CR,A_to_B,strong,moderate,,transition_relationship,CR,Cross-resistance near universal,Represent the reported evolutionary response as a candidate transition outcome while preserving heterogeneous or mixed responses.,"Cefotaxime-evolution findings can inform possible resistance interactions in the model, but the experiment does not establish a deterministic transition probability for the MVP environment.",Observed across 60 independent cefotaxime-evolved replicate populations
