drug,total_interactions,XR,CS,Neutral
SULFAMETHIZOLE,39,5,26,8
TUNICAMYCIN,39,14,19,6
CEFACLOR,39,17,15,7
NORFLOXACIN,39,14,14,11
THIOLACTOMYCIN,39,12,11,16
CLARITHROMYCIN,39,24,10,5
NOVOBIOCIN,39,23,10,6
PUROMYCIN,39,21,10,8
BACITRACIN,39,27,9,3
CEFTAZIDIME,39,23,9,7
CARBENICILLIN,39,22,9,8
STREPTONIGRIN,39,24,8,7
OXACILLIN,39,29,7,3
CEFSULODIN,39,31,6,2
VANCOMYCIN,39,22,6,11
MECILLINAM,39,30,4,5
STREPTOMYCIN,35,10,15,10
FOSFOMYCIN,32,6,20,6
LEVOFLOXACIN,31,7,15,9
AMOXICILLIN,30,13,9,8
ERYTHROMYCIN,29,19,8,2
MINOCYCLINE,29,20,7,2
DOXYCYCLINE,29,21,5,3
SPECTINOMYCIN,29,20,3,6
GENTAMICIN,28,8,10,10
FUSIDICACID,28,12,9,7
AZITHROMYCIN,28,20,5,3
POLYMYXINB,27,7,14,6
TOBRAMYCIN,27,5,13,9
SULFAMONOMETHOXINE,27,4,13,10
RIFAMPICIN,27,6,9,12
CEFOXITIN,26,14,10,2
SPIRAMYCIN,26,12,10,4
CIPROFLOXACIN,24,13,7,4
CHLORAMPHENICOL,24,16,5,3
NALIDIXICACID,23,14,7,2
NITROFURANTOIN,22,7,11,4
TETRACYCLINE,22,9,7,6
TRIMETHOPRIM,21,10,6,5
AMPICILLIN,20,15,1,4
