source_id,from_drug,to_drug,relationship,directionality,transition_type,probability,probability_source,derivation_method,assumption
POD2018,ciprofloxacin,gentamicin,CS,A_to_B,collateral_sensitivity,,,candidate transition from empirical observation,Observed relationship does not determine an empirical transition probability.
POD2018,ciprofloxacin,fosfomycin,CS,A_to_B,collateral_sensitivity,,,candidate transition from empirical observation,Observed relationship does not determine an empirical transition probability.
POD2018,ciprofloxacin,ceftazidime,CR,A_to_B,cross_resistance,,,candidate transition from empirical observation,Observed relationship does not determine an empirical transition probability.
POD2018,ciprofloxacin,trimethoprim,CR,A_to_B,cross_resistance,,,candidate transition from empirical observation,Observed relationship does not determine an empirical transition probability.
POD2018,ciprofloxacin,mecillinam,CR,A_to_B,cross_resistance,,,candidate transition from empirical observation,Observed relationship does not determine an empirical transition probability.
POD2018,mecillinam,trimethoprim,CR,A_to_B,cross_resistance,,,candidate transition from empirical observation,Observed relationship does not determine an empirical transition probability.
POD2018,mecillinam,gentamicin,CS,A_to_B,collateral_sensitivity,,,candidate transition from empirical observation,Observed relationship does not determine an empirical transition probability.
POD2018,nitrofurantoin,ciprofloxacin,CR,A_to_B,cross_resistance,,,candidate transition from empirical observation,Observed relationship does not determine an empirical transition probability.
JAMES2024,trimethoprim,nitrofurantoin,CR,A_to_B,cross_resistance,,,candidate transition from empirical observation,Observed relationship does not determine an empirical transition probability.
JAMES2024,trimethoprim,fosfomycin,neutral,A_to_B,neutral,,,candidate transition from empirical observation,Observed neutral response does not determine a transition probability.
SAK2025,CEFTAZIDIME,CIPROFLOXACIN,CR,unknown,cross_resistance,,,candidate transition from empirical interaction,Pairwise chemical-genetic interaction does not establish directionality or a sequential transition probability.
SAK2025,CEFTAZIDIME,NITROFURANTOIN,CS,unknown,collateral_sensitivity,,,candidate transition from empirical interaction,Pairwise chemical-genetic interaction does not establish directionality or a sequential transition probability.
SAK2025,CEFTAZIDIME,GENTAMICIN,CS,unknown,collateral_sensitivity,,,candidate transition from empirical interaction,Pairwise chemical-genetic interaction does not establish directionality or a sequential transition probability.
SAK2025,NITROFURANTOIN,GENTAMICIN,CR,unknown,cross_resistance,,,candidate transition from empirical interaction,Pairwise chemical-genetic interaction does not establish directionality or a sequential transition probability.
SAK2025,CEFTAZIDIME,TRIMETHOPRIM,CR,unknown,cross_resistance,,,candidate transition from empirical interaction,Pairwise chemical-genetic interaction does not establish directionality or a sequential transition probability.
SAK2025,CEFTAZIDIME,FOSFOMYCIN,CR,unknown,cross_resistance,,,candidate transition from empirical interaction,Pairwise chemical-genetic interaction does not establish directionality or a sequential transition probability.
SAK2025,NITROFURANTOIN,FOSFOMYCIN,CR,unknown,cross_resistance,,,candidate transition from empirical interaction,Pairwise chemical-genetic interaction does not establish directionality or a sequential transition probability.
SAK2025,GENTAMICIN,FOSFOMYCIN,CS,unknown,collateral_sensitivity,,,candidate transition from empirical interaction,Pairwise chemical-genetic interaction does not establish directionality or a sequential transition probability.
SAK2025,TRIMETHOPRIM,FOSFOMYCIN,CS,unknown,collateral_sensitivity,,,candidate transition from empirical interaction,Pairwise chemical-genetic interaction does not establish directionality or a sequential transition probability.
SAK2025,CEFTAZIDIME,MECILLINAM,CR,unknown,cross_resistance,,,candidate transition from empirical interaction,Pairwise chemical-genetic interaction does not establish directionality or a sequential transition probability.
SAK2025,CIPROFLOXACIN,MECILLINAM,CR,unknown,cross_resistance,,,candidate transition from empirical interaction,Pairwise chemical-genetic interaction does not establish directionality or a sequential transition probability.
SAK2025,NITROFURANTOIN,MECILLINAM,CS,unknown,collateral_sensitivity,,,candidate transition from empirical interaction,Pairwise chemical-genetic interaction does not establish directionality or a sequential transition probability.
SAK2025,GENTAMICIN,MECILLINAM,neutral,unknown,neutral,,,candidate transition from empirical interaction,Pairwise chemical-genetic interaction does not establish directionality or a sequential transition probability.
SAK2025,TRIMETHOPRIM,MECILLINAM,CR,unknown,cross_resistance,,,candidate transition from empirical interaction,Pairwise chemical-genetic interaction does not establish directionality or a sequential transition probability.
SAK2025,FOSFOMYCIN,MECILLINAM,CR,unknown,cross_resistance,,,candidate transition from empirical interaction,Pairwise chemical-genetic interaction does not establish directionality or a sequential transition probability.
