source_id,from_drug,to_drug,relationship,evidence_strength,confidence,directionality,uncertainty_type,probability_status,notes
POD2018,ciprofloxacin,gentamicin,CS,strong,high,A_to_B,probability_unresolved,unresolved,Observed collateral sensitivity does not establish an episode-level transition probability.
POD2018,ciprofloxacin,fosfomycin,CS,strong,high,A_to_B,probability_unresolved,unresolved,Observed collateral sensitivity does not establish an episode-level transition probability.
POD2018,ciprofloxacin,ceftazidime,CR,strong,high,A_to_B,probability_unresolved,unresolved,Observed cross-resistance does not establish an episode-level transition probability.
POD2018,ciprofloxacin,trimethoprim,CR,strong,high,A_to_B,probability_unresolved,unresolved,Observed cross-resistance does not establish an episode-level transition probability.
POD2018,ciprofloxacin,mecillinam,CR,strong,high,A_to_B,probability_unresolved,unresolved,Observed cross-resistance does not establish an episode-level transition probability.
POD2018,mecillinam,trimethoprim,CR,strong,high,A_to_B,probability_unresolved,unresolved,Observed cross-resistance does not establish an episode-level transition probability.
POD2018,mecillinam,gentamicin,CS,strong,high,A_to_B,probability_unresolved,unresolved,Observed collateral sensitivity does not establish an episode-level transition probability.
POD2018,nitrofurantoin,ciprofloxacin,CR,strong,high,A_to_B,probability_unresolved,unresolved,Observed cross-resistance does not establish an episode-level transition probability.
JAMES2024,trimethoprim,nitrofurantoin,CR,strong,moderate,A_to_B,probability_unresolved,unresolved,Clinical UPEC evidence supports the relationship but does not provide a transition probability for this simulator.
JAMES2024,trimethoprim,fosfomycin,neutral,strong,moderate,A_to_B,context_dependent,unresolved,Neutral interaction was observed in the reported experimental context and should not be generalized as a universal transition probability.
SAK2025,CEFTAZIDIME,CIPROFLOXACIN,CR,moderate,moderate,unknown,directionality_unknown,unresolved,Sakenova reports an interaction relationship but does not establish sequential directionality.
SAK2025,CEFTAZIDIME,NITROFURANTOIN,CS,moderate,moderate,unknown,directionality_unknown,unresolved,Sakenova reports an interaction relationship but does not establish sequential directionality.
SAK2025,CEFTAZIDIME,GENTAMICIN,CS,moderate,moderate,unknown,directionality_unknown,unresolved,Sakenova reports an interaction relationship but does not establish sequential directionality.
SAK2025,NITROFURANTOIN,GENTAMICIN,CR,moderate,moderate,unknown,directionality_unknown,unresolved,Sakenova reports an interaction relationship but does not establish sequential directionality.
SAK2025,CEFTAZIDIME,TRIMETHOPRIM,CR,moderate,moderate,unknown,directionality_unknown,unresolved,Sakenova reports an interaction relationship but does not establish sequential directionality.
SAK2025,CEFTAZIDIME,FOSFOMYCIN,CR,moderate,moderate,unknown,directionality_unknown,unresolved,Sakenova reports an interaction relationship but does not establish sequential directionality.
SAK2025,NITROFURANTOIN,FOSFOMYCIN,CR,moderate,moderate,unknown,directionality_unknown,unresolved,Sakenova reports an interaction relationship but does not establish sequential directionality.
SAK2025,GENTAMICIN,FOSFOMYCIN,CS,moderate,moderate,unknown,directionality_unknown,unresolved,Sakenova reports an interaction relationship but does not establish sequential directionality.
SAK2025,TRIMETHOPRIM,FOSFOMYCIN,CS,moderate,moderate,unknown,directionality_unknown,unresolved,Sakenova reports an interaction relationship but does not establish sequential directionality.
SAK2025,CEFTAZIDIME,MECILLINAM,CR,moderate,moderate,unknown,directionality_unknown,unresolved,Sakenova reports an interaction relationship but does not establish sequential directionality.
SAK2025,CIPROFLOXACIN,MECILLINAM,CR,moderate,moderate,unknown,directionality_unknown,unresolved,Sakenova reports an interaction relationship but does not establish sequential directionality.
SAK2025,NITROFURANTOIN,MECILLINAM,CS,moderate,moderate,unknown,directionality_unknown,unresolved,Sakenova reports an interaction relationship but does not establish sequential directionality.
SAK2025,GENTAMICIN,MECILLINAM,neutral,moderate,moderate,unknown,directionality_unknown,unresolved,Sakenova reports an interaction relationship but does not establish sequential directionality.
SAK2025,TRIMETHOPRIM,MECILLINAM,CR,moderate,moderate,unknown,directionality_unknown,unresolved,Sakenova reports an interaction relationship but does not establish sequential directionality.
SAK2025,FOSFOMYCIN,MECILLINAM,CR,moderate,moderate,unknown,directionality_unknown,unresolved,Sakenova reports an interaction relationship but does not establish sequential directionality.
